T1M-FQ,T1M-FA,T1M-YNQ,T1M-YNA,T1M-SQ,T1M-SA,T1M-YNA_LLM,T1M-YN_LLM_R,T1M-SA_LLM,T1M-S_LLM_R,T1M-FA_LLM,T1M-FA_LLM_R,T1M-YNA_CIMBUR,T1M-YN_CIMBUR_R,T1M-SA_CIMBUR,T1M-S_CIMBUR_R,T1M-FA_CIMBUR,T1M-FA_CIMBUR_R,T1M-YNA_CFG,T1M-YN_CFG_R,T1M-SA_CFG,T1M-S_CFG_R,T1M-FA_CFG,T1M-FA_CFG_R,T1M-YNA_Query,T1M-YN_Query_R,T1M-SA_Query,T1M-S_Query_R,T1M-FA_Query,T1M-FA_Query_R,T1M-YNA_MT,T1M-YN_MT_R,T1M-SA_MT,T1M-S_MT_R,T1M-FA_MT,T1M-FA_MT_R,T1M-YNA_COVE,T1M-YN_COVE_R,T1M-SA_COVE,T1M-S_COVE_R,T1M-FA_COVE,T1M-FA_COVE_R,T1S-FA_LLM_R,T1S-FA_CFG_R,T1M-YNA_COVE_MT,T1M-YN_COVE_MT_R,T1M-SA_COVE_MT,T1M-S_COVE_MT_R,T1M-FA_COVE_MT,T1M-FA_COVE_MT_R
Which issues are duplicate of issue 105840?,"105867, 105866",Is issue 105840 and 105867 similar?,Yes,"Summarize the similarities between issue 103072
and 103344","Issues 103072 and 103344 both involve test failures within the LearningToRankRescorerIT class. The root cause of these failures stems from a named_object_not_found_exception and x_content_parse_exception, resulting in a 400 Bad Request status code. Both errors mention the absence of a specific field [learning_to_rank]","No, issue 105840 and 105867 are not similar.",0.0,"The similarities between issue 103072 and 103344 are that both are related to the LearningToRankRescorerIT test in the ML team, both have the labels 'blocker', '>test-failure', and both have multiple test failures with similar root causes.",0.0,"SQLResult: 
number	title	state	created_at	closed_at
No results found

Answer: No issues are duplicates of issue 105840.",1,"No. The content of issues 105840 and 105867 are not similar. Issue 105840 is related to a failing test named 'JdbcResultSetIT testGettingTimeWithCalendar', while issue 105867 is related to a failing test named 'JdbcPreparedStatementIT testCommentsHandling'.",1.0,"The similarities in the titles, exceptions, bodies, and labels of issues 103072 and 103344 are related to the LearningToRankRescorerIT test failures in the ML team. Both issues have similar root causes of named_object_not_found_exception and x_content_parse_exception, with unknown field [learning_to_rank]. The bodies of both issues mention multiple test failures with similar reproduction lines and build scan links. The labels for both issues indicate they are blockers and related to test failures in the ML team.",1.0,There are no issues marked as duplicates of issue 105840.,1,"No, issue 105840 and 105867 are not similar. They have different titles, creators, and bodies.",1.0,"The similarities between issue 103072 and 103344 are that both are related to the LearningToRankRescorerIT test failing in the ML team, with issue 103072 being open with 5 comments created on 2023-12-06 by thecoop, and issue 103344 being closed with 2 comments created on 2023-12-12 by volodk85.",0.0,"SQLResult: 
number	title	state	created_at
No results found.",0,The content of issues 105840 and 105867 are not similar.,1.0,The similarities between issues 103072 and 103344 are that both are related to the LearningToRankRescorerIT test failing. The stack traces and descriptions mention multiple test failures with similar root causes in the LearningToRankRescorerIT class.,1.0,There are no issues marked as duplicates of issue 105840.,1,"No, issue 105840 and 105867 are not considered to be similar.",1.0,"The similarities between issue 103072 and 103344 are:
- Both are related to the LearningToRankRescorerIT test in the ML team
- Both have the labels 'blocker' and '>test-failure'",0.0,No issues are duplicates of issue 105840.,1,"No, issue 105840 and 105867 cannot be found in the database of reported issues.",1.0,The similarities between issue 103072 and 103344 are that both have the 'blocker' label.,0.0,Issue 105840 is unique and not duplicated in the system.,1,,,"No, issue 105840 and 105867 are not considered to be similar.",0.0,"The similarities between issue 103072 and 103344 are:
- Both are related to the LearningToRankRescorerIT test in the ML team.
- Both have the labels 'blocker' and ':ml'.
- Both involve test failures.",0.0,There are no issues that are considered duplicates of issue 105840.,0
Find issues similar to 103072,103344,Is issue 105840 and 103072 similar?,No,Provide a summary of all issues similar to issue 105867,"Issue 105866, which involves the failure of the JdbcResultSetIT test case testUnsupportedGetMethods, has been closed. The issue was categorized as a blocker and flagged for triage. The failure was observed during the build scan provided in the ticket. The reproduction line for the failure was provided along with applicable branches and failure history. The failure excerpt indicates a java.sql.SQLException caused by a java.time.zone.ZoneRulesException, leading to an x_content_parse_exception.

In issue 105840, the failure in the JdbcResultSetIT testGettingTimeWithCalendar is due to a java.sql.SQLException caused by a java.time.zone.ZoneRulesException. The exception indicates that the time zone ID ""America/Ciudad_Juarez"" is unknown, resulting in a parsing failure when processing the query


","No, issue 105840 and 103072 are not similar. Issue 105840 titled '[CI] LearningToRankRescorerIT testLearningToRankRescore failing' is open with 5 comments, created on 2023-12-06 by thecoop, and has labels blocker, >test-failure, :ml, Team:ML. Issue 103072 titled '[CI] JdbcResultSetIT testGettingTimeWithCalendar failing' is closed with 2 comments, created on 2024-02-28 and closed on 2024-03-06 by craigtaverner, and has labels blocker, >test-failure, :Analytics/SQL, Team:Analytics.",1.0,"SQLResult: No results found.

Answer: There are no issues similar to issue 105867 in the database.",0.0,"SQLResult: No results found.

Answer: There are no issues similar to 103072 in the database.",0,"The content of issues 105840 and 103072 are different. Issue 105840 includes information about test failures in a specific class, a link to a build scan, and a reproduction line for the issue. Issue 103072 mentions a 100% failure rate of 110 tests run over the last week, starting on the 22nd February.",1.0,"Title: [CI] JdbcPreparedStatementIT testCommentsHandling failing
Body: **Build scan:**
https://gradle-enterprise.elastic.co/s/sjy6hal3zmfn6/tests/:x-pack:plugin:sql:qa:jdbc:single-node:v7.15.2%23bwcTest/org.elasticsearch.xpack.sql.qa.jdbc.single_node.JdbcPreparedStatementIT/testCommentsHandling

**Reproduction line:**
```
./gradlew...
Labels: blocker 
 :Core/Infra/Core 
 >test-failure 
 Team:Core/Infra",0.0,There are no issues similar to issue 103072.,0,"No, issue 105840 and 103072 are not similar. Issue 105840 is closed with 2 comments, while issue 103072 is open with 5 comments.",1.0,"Issue 94839 titled ""Serialization exceptions should be handled in OutboundHandler"" is similar to issue 105867.",0.0,"Serialization exceptions should be handled in OutboundHandler, which is similar to issue 103072 as both involve problems with serialization related to X-Pack yaml tests running in a cluster.",0,The content of issues 105840 and 103072 are not similar.,1.0,"Title: [CI] JdbcPreparedStatementIT testCommentsHandling failing
Body: **Build scan:**\nhttps://gradle-enterprise.elastic.co/s/sjy6hal3zmfn6/tests/:x-pack:plugin:sql:qa:jdbc:single-node:v7.15.2%23bwcTest/org.elasticsearch.xpack.sql.qa.jdbc.single_node.JdbcPreparedStatementIT/testCommentsHandling\n\n\n**Reproduction line:**\n```\n./gradlew...
Labels: blocker, :Core/Infra/Core, >test-failure, Team:Core/Infra",0.0,"SQLResult: 
number	title	body
No results found.",0,"No, issue 105840 and 103072 are not similar. Issue 105840 is open with 5 comments and was created on 2023-12-06, while issue 103072 is closed with 2 comments and was created on 2024-02-28.",1.0,There are no issues similar to issue 105867 in the database.,0.0,"Yes, there is an issue closely resembling 103072. The issue number 103072 is titled '[CI] LearningToRankRescorerIT testLearningToRankRescore failing', it is currently open and was created on 2023-12-06.",0,"Yes, issue 105840 and 103072 are similar in that they both have 5 comments. Issue 105840 was created on February 28, 2024 by craigtaverner and is closed, while issue 103072 was created on 2023-12-06 by thecoop and is open.",0.0,"Issue 105867, '[CI] JdbcPreparedStatementIT testCommentsHandling failing', can be found in the database. It is closed and was created on 2024-03-01.",0.0,There are no issues similar to 103072 in the database.,0,,,"No, issue 105840 and 103072 are not considered similar. Issue 105840 is open with 5 comments and created on 2023-12-06 by thecoop, while issue 103072 is closed with 2 comments, created on 2024-02-28 and closed on 2024-03-06 by craigtaverner.",1.0,"Issue 105867 titled '[CI] JdbcPreparedStatementIT testCommentsHandling failing' is similar to other issues in terms of having 5 comments, being labeled as a blocker, related to Core/Infra/Core, and not having any assignees or milestone associated with it.",0.0,"SQLResult: Yes, there is an issue similar to 103072 with the number 103072. The issue titled '[CI] LearningToRankRescorerIT testLearningToRankRescore failing' is currently open and was created on 2023-12-06.",0
Find duplicate reports of the 18694?,"95013 , 104931",Has there been any ElasticsearchSecurityException in the existing issues?,Yes,,,"Yes, there has been an ElasticsearchSecurityException mentioned in the existing issues.",1.0,,,Final answer: There are no duplicate reports of the issue with number 18694.,0,"Yes, there is an open issue mentioning ElasticsearchSecurityException. The issue number is 100264 titled ""HTTPS over HTTPS CONNECT tunnel (proxy) does not work"". It was created on 2023-10-04 by albertzaharovits.",1.0,,,No duplicate reports related to issue 18694.,0,"Yes, there has been an ElasticsearchSecurityException in the existing issues.",1.0,,,There are no reports with the number 18694 in the database.,0,"Yes, there is an existing issue that reports an ElasticsearchSecurityException.",1.0,,,There are no duplicate reports related to issue 18694.,0,"Yes, an ElasticsearchSecurityException has occurred in one of the existing issues.",1.0,,,There are no duplicate reports for issue number 18694.,0,"No, ElasticsearchSecurityException cannot be found in existing issue reports.",0.0,,,"Two issues related to java.lang.UnsupportedOperationException error are:
1. Issue number 94673 titled ""Exception in `_terms_enum` on docvalue-only keywords fields"" which is closed and has 2 comments. It was created on 2023-03-23 by cbuescher.",0,,,"Yes, an ElasticsearchSecurityException has occurred in issue number 100264 titled ""HTTPS over HTTPS CONNECT tunnel (proxy) does not work"".",1.0,,,"There are no results for issue number 18694, so there are no duplicate reports for it.",0
Find all issues related to java.lang.UnsupportedOperationException error ,"94673, 99700",,,,,,,,,"Two issues related to java.lang.UnsupportedOperationException error are:
1. Issue number 94673 titled ""Exception in `_terms_enum` on docvalue-only keywords fields"" was created on 2023-03-23 by cbuescher and closed on 2023-03-24 with 2 comments. It is related to Elasticsearch Version 8.6.2 and Java Version bundled.
2. Issue number 99700 titled ""Plain highlighter throws UOE when using a script_score query wrapping an exists query"" was created on 2023-09-20 by romseygeek and closed on 2023-09-22 with 1 comment. It is related to Elasticsearch Version 8.10 and Java Version bundled.",0,,,,,Issue numbers related to the java.lang.UnsupportedOperationException error are 94673 and 99700.,1,,,,,There are 2 issues related to java.lang.UnsupportedOperationException error.,0,,,,,Issue numbers related to the java.lang.UnsupportedOperationException error are 94673 and 99700.,1,,,,,"There are 2 issues related to java.lang.UnsupportedOperationException error:
1. Issue number 94673 - Exception in `_terms_enum` on docvalue-only keywords fields
2. Issue number 99700 - Plain highlighter throws UOE when using a script_score query wrapping an exists query",1,,,,,The query returned 0 results for issue number 18694. No duplicate reports were found for this specific issue.,0,,,,,,,"Two issues related to java.lang.UnsupportedOperationException error are:
1. Issue number 94673 titled ""Exception in `_terms_enum` on docvalue-only keywords fields"" which is closed and has 2 comments. It was created on 2023-03-23 by cbuescher and closed on 2023-03-24. It is related to Elasticsearch Version 8.6.2 and Java Version bundled.",0
How many duplicate reports have been found for issue 105840?,2,,,,,,,,,0,0,,,,,The number of duplicate reports found for issue 105840 is 1.,0,,,,,There is 1 duplicate report found for issue 105840.,0,,,,,0,0,,,,,duplicate_reports_count: 0,0,,,,,"No, there are no potential duplicate reports currently being investigated for issue 105840.",0,,,,,,,0,0
