T4-FQ,T4-FA,T4-YNQ,T4-YNA,T4-SQ,T4-SA,T4-YNA_LLM,T4-YN_LLM_R,T4-SA_LLM,T4-S_LLM_R,T4-FA_LLM,T4-FA_LLM_R,T4-YNA_CIMBUR,T4-YN_CIMBUR_R,T4-SA_CIMBUR,T4-S_CIMBUR_R,T4-FA_CIMBUR,T4-FA_CIMBUR_R,T4-YNA_CFG,T4-YN_CFG_R,T4-SA_CFG,T4-S_CFG_R,T4-FA_CFG,T4-FA_CFG_R,T4-YNA_Query,T4-YN_Query_R,T4-SA_Query,T4-S_Query_R,T4-FA_Query,T4-FA_Query_R,T4-YNA_MT,T4-YN_MT_R,T4-SA_MT,T4-S_MT_R,T4-FA_MT,T4-FA_MT_R,T4-YNA_COVE,T4-YN_COVE_R,T4-SA_COVE,T4-S_COVE_R,T4-FA_COVE,T4-FA_COVE_R,T1S-FA_LLM_R,T1S-FA_CFG_R,T4-YNA_COVE_MT,T4-YN_COVE_MT_R,T4-SA_COVE_MT,T4-S_COVE_MT_R,T4-FA_COVE_MT,T4-FA_COVE_MT_R
An issue is reported in StorageEngine. What label shoul i assign?,StorageEngine,Is there an existing label specifically for user raised issues?,No,Summarize how to label a issue with team name,"labels will be begin with 'Team:' , followed by team name","Yes, there is a label specifically for issues raised by users. The label is "">bug"".",0.0,"To label an issue with a team name, you can search for the issues where the ""labels"" column contains the keyword ""Team"".

This query will retrieve the issue number, title, and labels for all the issues that are labeled with a team name:

Answer: The issues labeled with a team name are:
1. Issue number 94673 - Title: Exception in `_terms_enum` on docvalue-only keywords fields, Labels: >bug, :Search/Search, Team:Search, v8.7.0, v8.8.0
2. Issue number 94839 - Title: Serialization exceptions should be handled in OutboundHandler, Labels: >bug, :Distributed/Network, Team:Distributed
3. Issue number 95013 - Title: [CI] MixedClusterClientYamlTestSuiteIT test {p0=aggregations/filter/Terms lookup gets cached} failing, Labels: :Analytics/Aggregations, >test-failure, Team:Analytics",0.0,"The suitable label for an issue reported in the StorageEngine component is "">StorageEngine"".",1,"Yes, there is a label specifically for user-raised issues. The label is '>bug'.",0.0,"To label an issue with a team name, you can add a label containing the team name in the ""labels"" field of the issue. The team name is typically included in the label text. This process helps in organizing and categorizing the issues based on the teams responsible for handling them.",1.0,"Suitable label for an issue reported in the StorageEngine component is "">StorageEngine"".",1,"Yes, there is an existing label specifically for user raised issues.",0.0,"To label an issue with a team name, you can use the labels that contain the keyword ""Team"".",1.0,bug,0,"Yes, there is a label specifically designated for user-reported issues.",0.0,"To label an issue with a team name, you need to include the team name in the labels field of the issue. The team name should be preceded by ""Team:"" in the labels field.",1.0,"Suggest a suitable label for an issue reported in the StorageEngine.
Answer: None",0,"Yes, there are specific labels for issues raised by users. Some of the labels include '>bug', ':Search/Search', 'Team:Search', 'v8.7.0', 'v8.8.0', ':Distributed/Network', 'Team:Distributed', ':Analytics/Aggregations', '>test-failure', 'Team:Analytics', 'blocker', 'Team:Core/Infra', 'v8.7.0', 'v8.7.1', 'v8.8.0', 'v8.7.2', 'v8.8.1', 'v8.9.0', 'v8.8.2', 'v8.8.3', ':Core/Infra/Core', 'test-windows', 'Team:ML', 'Team:Data Management', 'Team:QL (Deprecated)', 'v8.10.0', ':Analytics/ES|QL', 'Team:Security', 'v8.11.0', 'v8.11.3', 'v8.13.0', 'Team:StorageEngine', 'Team:ML', 'Team:Distributed', 'Team:Data Management', 'Team:Security', 'Team:Core/Infra', 'low-risk', 'needs:triage'.",0.0,"To label an issue with a team name, you can use labels that include the keyword ""Team"" followed by the specific team name. This helps categorize the issue based on the team responsible for it. Some examples of team labels are Team:Search, Team:Distributed, and Team:Analytics.",1.0,"The label that should be assigned to an issue reported in StorageEngine is bug, Team:Distributed.",1,"Yes, a search can be conducted to confirm that there is no label specifically for user raised issues in the database. The query results show that there are no labels containing the word 'user'.",0.0,"To label an issue with a team name, use the 'labels' column and search for labels containing the keyword 'Team'.",1.0,">bug, :Distributed/Network, Team:Distributed",0.0,,,"Yes, there are specific labels for issues raised by users, including ':Distributed/Network'.",0.0,"To label an issue with a team name, the labels column in the issues table is used. The labels contain information about the team associated with the issue and are structured in a specific format that includes the team name. Specific labels such as 'Team:Search', 'Team:Distributed', and 'Team:Analytics' can be used to categorize the issue properly.",0.0,"When reporting an issue in StorageEngine, the label ""bug"" should be assigned.",1
What existing label is recommended for issues that needs immediate triaging?,needs:triage,"In this project, is there label for team?",Yes,Summarize all the team labels of this project,"Team: Security
Team: Core/Infra
Team: Distributed
Team: Data Management
Team: ML
Team: Enterprise Search
Team: Analytics
Team: Search
Team: Core/Infra (Deprecated)
Team: QL (Deprecated)
Team: StorageEngine
","Yes, there are labels specifically for teams in this project. Some examples of team-specific labels include:
- Team:Search
- Team:Distributed
- Team:Analytics
- Team:Core/Infra
- Team:Enterprise Search
- Team:ML
- Team:Data Management
- Team:Security
- Team:StorageEngine",1.0,"Team labels of this project are: 
- Team:Search
- Team:Distributed
- Team:Analytics
- Team:Core/Infra
- Team:Enterprise Search
- Team:ML
- Team:Data Management
- Team:QL (Deprecated)
- Team:Security
- Team:StorageEngine",1.0,"Recommended labels for issues requiring immediate triaging are "">bug :Search/Search Team:Search v8.7.0 v8.8.0"", "">bug :Distributed/Network Team:Distributed"", and "":Analytics/Aggregations >test-failure Team:Analytics"".",0,"Yes, there is a label specifically for the team in this project.",1.0,"The team labels used in this project, including their meanings and purposes, are as follows:
1. Team: Search/Search
   - Purpose: Search team related issues
2. Team: Distributed/Network
   - Purpose: Handle issues related to distributed systems and networks
3. Team: Analytics/Aggregations
   - Purpose: Deal with analytics and aggregation related problems
4. Team: Core/Infra/Settings
   - Purpose: Manage core infrastructure settings
5. Team: Enterprise Search/Application
   - Purpose: Focus on enterprise search application issues",1.0,"Recommended labels for issues requiring immediate triaging are:
- bug
- critical",0,"Yes, there are labels for teams in this project.",1.0,"The team labels of this project are: 
- Search/Search Team
- Distributed/Network Team
- Analytics/Aggregations Team
- Core/Infra/Settings Team
- Enterprise Search Team
- Core/Infra Team
- ML Team
- Data Management Team
- QL (Deprecated) Team
- Security Team
- Security/TLS Team
- Circuit Breakers Team
- Scripting Team
- Reindex Team
- Ingest Node Team
- StorageEngine Team
- Snapshot/Restore Team
- SQL Team",1.0,Answer: None,0,"Yes, there are labels specifically for teams in this project.",1.0,"The team labels used in this project are as follows:

1. Team:Search - Related to the Search team
2. Team:Distributed - Related to the Distributed team
3. Team:Analytics - Related to the Analytics team
4. Team:Core/Infra - Related to the Core Infrastructure team
5. Team:Enterprise Search - Related to the Enterprise Search team
6. Team:ML - Related to the Machine Learning team
7. Team:Data Management - Related to the Data Management team
8. Team:QL (Deprecated) - Related to the Deprecated Query Language team
9. Team:Security - Related to the Security team
10. Team:StorageEngine - Related to the Storage Engine team",1.0,"Recommended labels for issues requiring immediate triaging are:
- >bug, :Data Management/Ingest Node, Team:Data Management
- >enhancement, :Distributed/Reindex, Team:Distributed
- >bug, :ml, Team:ML
- >bug, :Search/Search, Team:Search
- blocker, >test-failure, :ml, Team:ML
- >bug, :Analytics/Aggregations, Team:Analytics
- >bug, :Core/Infra/Circuit Breakers, Team:Core/Infra
- >bug, :Security/TLS, Team:Security
- >bug, :Data Management/Indices APIs, Team:Data Management
- :Search/Search, >test-failure, Team:Search, low-risk
- >bug, :Core/Infra/Settings, Team:Core/Infra
- >bug, :Distributed/Network, Team:Distributed",0,"Yes, there are labels assigned to the team in this project.",1.0,"Team labels of this project are: 
- Team:Search
- Team:Distributed
- Team:Analytics",0.0,"The recommended existing label for issues that require immediate triaging is "">bug"".",0,"Yes, the labels for teams in this project are managed and assigned using a combination of tags and team names. Each label includes information about the type of issue, the team responsible, and sometimes specific versions or features related to the task.",1.0,Team labels of this project are: - Team:Search - Team:Distributed - Team:Analytics - Team:Core/Infra - Team:Enterprise Search - Team:ML - Team:QL (Deprecated) - Team:Security - Team:StorageEngine,1.0,"The existing label recommended for issues that need immediate triaging is "">bug"".",0.0,,,"Yes, there are designated labels for teams in this project, including ""Team:Search"", ""Team:Distributed"", and ""Team:Analytics"" among others.",1.0,Team labels of this project are: - Team:Search - Team:Distributed - Team:Analytics - Team:Core/Infra - Team:Enterprise Search - Team:ML - Team:Security - Team:StorageEngine,1.0,"The recommended existing label for issues that need immediate triaging is "">bug"".",0
What should i label a issue of low risk?,low-risk,Is there an existing label for ML issue?,Yes,,,"Yes, there is a label designated for addressing machine learning (ML) related issues. The label is '>test-failure :ml Team:ML'.",1.0,,,"Some suitable labels for low-risk issues are "":Search/Search >test-failure Team:Search low-risk"" and "":Core/Infra/Core >test-failure Team:Core/Infra low-risk"".",1,"Yes, there are labels specifically for addressing machine learning (ML) related issues.",1.0,,,Possible labels for low-risk issues could be: ':Search/Search >test-failure Team:Search low-risk' and ':Core/Infra/Core >test-failure Team:Core/Infra low-risk'.,1,"Yes, there are existing labels for ML issue.",1.0,,,"Question: What should I label an issue of low risk?
SQLQuery: SELECT title, labels
FROM issues
WHERE labels LIKE '%low risk%'
LIMIT 40;",0,"Yes, there is a label specifically for machine learning (ML) related issues.",1.0,,,There are no results in the database for issues categorized as low risk.,0,"Yes, there are preexisting labels for ML issues such as '>test-failure, :ml, Team:ML', '>bug, :ml, Team:ML', and 'blocker, >test-failure, :ml, Team:ML'.",1.0,,,There are no issues in the database that are categorized as posing low risk.,0,"Yes, the existing labels for ML issue can be customized.",1.0,,,"Based on the verified source, you should label an issue of low risk with the label 'bug'.",0.0,,,"Yes, there are preexisting labels for ML issues such as '>test-failure, :ml, Team:ML', '>bug, :ml, Team:ML', and 'blocker, >test-failure, :ml, Team:ML'.",1.0,,,"Question: What should i label a issue of low risk?
SQLQuery: SELECT ""number"", ""title"", ""labels""
FROM issues
WHERE labels LIKE '%low risk%'
LIMIT 40;",0
Suggest labels for security related issue ,":Security/Security, Team:Security",,,,,,,,,"Appropriate labels for security-related issues are "">bug :Security/TLS Team:Security"" and "">bug :Security/Security Team:Security"".",0,,,,,"- >bug :Security/TLS Team:Security
- >bug :Security/Security Team:Security",1,,,,,Labels for security related issues are '>bug :Security/TLS Team:Security' and '>bug :Security/Security Team:Security'.,0,,,,,"Appropriate labels for security-related issues are '>bug, :Security/TLS, Team:Security' and '>bug, :Security/Security, Team:Security'.",0,,,,,">bug, :Security/TLS, :Security/Security, Team:Security",1,,,,,,0.0,,,,,,,"Labels for security related issues are '>bug, :Security/TLS, Team:Security' and '>bug, :Security/Security, Team:Security'.",0
Suggest labels for search related issue ,"Search/Search, Team:Search",,,,,,,,,"The labels that can be used for search-related issues are:
- >bug 
- :Search/Search 
- Team:Search",0,,,,,"Some suitable labels for the search-related issue are '>bug', '>test-failure', ':EnterpriseSearch/Application Team:Enterprise Search', 'blocker', 'Team:Core/Infra', ':Core/Infra/CLI', 'v8.7.0', 'v8.7.1', 'v8.8.0', 'v8.7.2', 'v8.8.1', 'v8.9.0', 'v8.8.2', 'v8.8.3'.",0,,,,,"Labels for search related issues are '>bug', '>test-failure', ':EnterpriseSearch/Application Team:Enterprise Search', 'blocker', 'Team:Core/Infra', ':Core/Infra/CLI', 'v8.7.0', 'v8.7.1', 'v8.8.0', 'v8.7.2', 'v8.8.1', 'v8.9.0', 'v8.8.2', 'v8.8.3'.",0,,,,,"Suitable labels for the search-related issue are '>bug, >test-failure, :EnterpriseSearch/Application, Team:Enterprise Search' and '>bug, blocker, Team:Core/Infra, :Core/Infra/CLI, v8.7.0, v8.7.1, v8.8.0, v8.7.2, v8.8.1, v8.9.0, v8.8.2, v8.8.3'.",0,,,,,"Labels for search related issues are '>bug, >test-failure, :EnterpriseSearch/Application, Team:Enterprise Search' and '>bug, blocker, Team:Core/Infra, :Core/Infra/CLI, v8.7.0, v8.7.1, v8.8.0, v8.7.2, v8.8.1, v8.9.0, v8.8.2, v8.8.3'.",0,,,,,"Labels for search related issues are: 1. >bug, :Search/Search, Team:Search, v8.7.0, v8.8.0",,,,,,,,"Labels for search related issues are:
1. >bug, >test-failure, :EnterpriseSearch/Application, Team:Enterprise Search
2. >bug, blocker, Team:Core/Infra, :Core/Infra/CLI, v8.7.0, v8.7.1, v8.8.0, v8.7.2, v8.8.1, v8.9.0, v8.8.2, v8.8.3",0
