T1M-FQ,T1M-FA,T1M-YNQ,T1M-YNA,T1M-SQ,T1M-SA,T1M-YNA_LLM,T1M-YN_LLM_R,T1M-SA_LLM,T1M-S_LLM_R,T1M-FA_LLM,T1M-FA_LLM_R,T1M-YNA_CFG,T1M-YN_CFG_R,T1M-SA_CFG,T1M-S_CFG_R,T1M-FA_CFG,T1M-FA_CFG_R,T1M-YNA_Query,T1M-YN_Query_R,T1M-SA_Query,T1M-S_Query_R,T1M-FA_Query,T1M-FA_Query_R,T1M-YNA_MT,T1M-YN_MT_R,T1M-FA_MT,T1M-FA_MT_R,T1M-YNA_COVE,T1M-YN_COVE_R,T1M-SA_COVE,T1M-S_COVE_R,T1M-FA_COVE,T1M-FA_COVE_R,T1M-YNA_CIMBUR,T1M-YN_CIMBUR_R,T1M-SA_CIMBUR,T1M-S_CIMBUR_R,T1M-FA_CIMBUR,T1M-FA_CIMBUR_R,T1M-SA_MT,T1M-S_MT_R,T1M-YNA_COVE_MT,T1M-YN_COVE_MT_R,T1M-FA_COVE_MT,T1M-FA_COVE_MT_R,T1M-SA_COVE_MT,T1M-S_COVE_MT_R
Which issues are duplicate of issue 18102?,18669 and 17995,Is issue 18102 and 18669 similar?,Yes,"Provide a summary of all issues similar to issue 18102, including their current status","Two issues similar to issue 18102 are issue 17995 and issue 18669. In issue 17995, there is a failure in an internal build related to java.lang.ArrayIndexOutOfBoundsException at java.lang.CharacterDataLatin1.getProperties. The failure occurred during the execution of sun/nio/cs/TestIBMBugs.java. Similarly, issue 18669 involves an ArrayIndexOutOfBoundsException during the execution of java/lang/Character/CharPropTest.java. The stack trace in both issues points to java.lang.CharacterDataLatin1.getProperties, indicating a similar exception pattern. Both issues remain open and unresolved.","No, the issues are not similar. The first issue (18102) is a failure in the java/lang/String/NonCharacterMapping.java test, while the second issue (18669) is a failure in the java/lang/Character/CharPropTest.java test.",0.0,There are no issues similar to issue 18102.,0.0,"Final answer here

There are no issues that are duplicates of issue 18102.",0,"No, the issues are not similar. The first issue (18102) is a failure in the java/lang/String/NonCharacterMapping.java file, while the second issue (18669) is a failure in the java/lang/Character/CharPropTest.java file.",0.0,The issue with title '[Bug report] memoryPoolMXBean.getUsage will throw exception when gcpolicy is balanced' is currently closed.,0.0,"Final answer here
There are no issues that are duplicates of issue 18102.",0,"Yes, there are similarities between issue 18102 and 18669. Both issues involve an ArrayIndexOutOfBoundsException in different tests.",1.0,"Title: jdk_lang_j9_0_FAILED java/lang/String/NonCharacterMapping.java ArrayIndexOutOfBoundsException at java.base/java.lang.CharacterDataLatin1.getProperties(CharacterDataLatin1.java:74)
Exception: Failure link
Body: From [an internal build](https://hyc-runtimes-jenkins.swg-devops.com/job/Test_openjdk11_j9_sanity.openjdk_x86-64_windows_testList_0/330/)(`win19x86-rt2-1`):
```
openjdk version ""11.0.21"" 2023-10-17
IBM Semeru Runtime Open Edition 11.0.21.0-m1 (build...
Labels: comp:jit, test failure",0.0,"17005, 17019, 17063",0,"No, the issues are not similar. The first issue (18102) is a failure in the java/lang/String/NonCharacterMapping.java test, while the second issue (18669) is a failure in the java/lang/Character/CharPropTest.java test.",0.0,There are no issues that are duplicates of issue 18102.,0,"No, the issues are not similar. The first issue (18102) is a failure in the java/lang/String/NonCharacterMapping.java test, while the second issue (18669) is a failure in the java/lang/Character/CharPropTest.java test.",0.0,The current status of issues similar to 18102 is open.,0.0,"
There are no issues that are duplicates of issue 18102.",0,The content of issues 18102 and 18669 are similar as they both contain failure links and an ArrayIndexOutOfBoundsException.,0.0,"
The status of all issues similar to issue 18102 is open, while the status of the other issues is closed. The title of the issue is ""jdk_lang_j9_0_FAILED java/lang/String/NonCharacterMapping.java ArrayIndexOutOfBoundsException at java.base/java.lang.CharacterDataLatin1.getProperties(CharacterDataLatin1.java:74)"". The exception is ""java.lang.ArrayIndexOutOfBoundsException at java.base/java.lang.CharacterDataLatin1.getProperties(CharacterDataLatin1.java:74) at java.base/java.lang.Thread.run(Thread.java:839)"". The body is ""Failure link ------------ From [an internal build](https://hyc-runtimes-jenkins.swg-devops.com/job/Test_openjdk11_j9_sanity.openjdk_x86-64_windows_testList_0/330/)(`win19x86-rt2-1`): ``` openjdk version ""11.0.21"" 2023-10-17 IBM Semeru Runtime Open Edition 11.0.21.0-m1 (build..."". The label is ""comp:jit \n test failure"".",1.0,"
17005, 17019, 17063",0,"Issue number 17063 titled ""OpenJDK java/lang/String/ToLowerCase ArrayIndexOutOfBoundsException"" is similar to issue 18102 and is currently in an open state.",0.0,"No, issues 18102 and 18669 are not similar. Issue 18102 has 10 comments, was created on 2023-09-08 by JasonFengJ9, is still open, and has the labels 'comp:jit, test failure' and milestone 'Release 0.46 (Java 8, 11, 17, 21, 22) July refresh'. Issue 18669 has 1 comment, was created on 2023-12-21 by pshipton, is also still open, and has the same labels and milestone as issue 18102.",0.0,"Issue 18102 has 10 comments, so it is not true that it has no duplicates.",0,"Issue number 17063 with the title ""OpenJDK java/lang/String/ToLowerCase ArrayIndexOutOfBoundsException"" is currently open.",0
Find issues similar to 18487,17638,Is issue 18487 and 18102 similar?,No,Provide a summary of all issues similar to issue 18487,"Issue 17638 is similar to issue 18487 as both involve inaccuracies in measuring time durations, specifically related to sleep intervals. In issue 17638, the SleepSanity test from the OpenJDK test suite fails because the sleep duration of 999ms is less than the expected 1000ms","No, the issues are not similar. They have different titles and bodies.",1.0,"('[win_x86] SE80_GIT cmdLineTest_J9test_elapsedTime_0 FAILED: testElapsedTime() sleep 100ms elapsedNanoTimeInMillis (98ms) should NOT be less than minElapsedNanoTimeInMillis (100ms) & FAILED: testElapsedTime() timer delayed 2s elapsedNanoTimeInMillis (1993ms) should NOT be less than...', 'open', 5, '2023-11-20', None, 'JasonFengJ9', 'test failure, test excluded', 'JasonFengJ9', None, 'Failure link\r\n------------\r\n\r\nFrom [an internal build](http://vmfarm.rtp.raleigh.ibm.com/job_output.php?id=72226491)(`win10x64rtp-3-1`):\r\n```\r\njava version ""1.8.0_391""\r\nJava(TM) SE Runtime Environment (build 8.0.9.0 - pwi3280sr9-20231020_01(SR9))\r\nIBM J9 VM (build 2.9, JRE 1.8.0 Windows 10...')",0.0,"Yes, there is one issue similar to 18487. The issue number is 18487, the title is '[win_x86] SE80_GIT cmdLineTest_J9test_elapsedTime_0 FAILED: testElapsedTime() sleep 100ms elapsedNanoTimeInMillis (98ms) should NOT be less than minElapsedNanoTimeInMillis (100ms) & FAILED: testElapsedTime() timer delayed 2s elapsedNanoTimeInMillis (1993ms) should NOT be less than...', the state is 'open', there are 5 comments, it was created on 2023-11-20, it is not closed, the issue creator is JasonFengJ9, the labels are 'test failure, test excluded', the issue assignees are 'JasonFengJ9', there is no milestone, and the body is 'Failure link\r\n------------\r\n\r\nFrom [an internal build](http://vmfarm.rtp.raleigh.ibm.com/job_output.php?id=72226491)(`win10x64rtp-3-1`):\r\n```\r\njava version ""1.8.0_391""\r\nJava(TM) SE Runtime Environment (build 8.0.9.0 - p",0,"No, the issues are not similar.",1.0,"('[win_x86] SE80_GIT cmdLineTest_J9test_elapsedTime_0 FAILED: testElapsedTime() sleep 100ms elapsedNanoTimeInMillis (98ms) should NOT be less than minElapsedNanoTimeInMillis (100ms) & FAILED: testElapsedTime() timer delayed 2s elapsedNanoTimeInMillis (1993ms) should NOT be less than...', 'open', 5, '2023-11-20', None, 'JasonFengJ9', 'test failure \n test excluded', 'JasonFengJ9', None, 'Failure link\r\n------------\r\n\r\nFrom [an internal build](http://vmfarm.rtp.raleigh.ibm.com/job_output.php?id=72226491)(`win10x64rtp-3-1`):\r\n```\r\njava version ""1.8.0_391""\r\nJava(TM) SE Runtime Environment (build 8.0.9.0 - pwi3280sr9-20231020_01(SR9))\r\nIBM J9 VM (build 2.9, JRE 1.8.0 Windows 10...', 'Exception in thread ""main"" java.lang.Assertion",0.0,There are no issues similar to 18487.,0,The content of issues 18487 and 18102 are not similar.,1.0,"The issue with number 18487 is titled ""[win_x86] SE80_GIT cmdLineTest_J9test_elapsedTime_0 FAILED: testElapsedTime() sleep 100ms elapsedNanoTimeInMillis (98ms) should NOT be less than minElapsedNanoTimeInMillis (100ms) & FAILED: testElapsedTime() timer delayed 2s elapsedNanoTimeInMillis (1993ms) should NOT be less than..."". The body of the issue includes a failure link and information about the Java version and runtime environment. The labels for this issue include ""test failure"" and ""test excluded"".",0.0,18487,0,"
No, the issues are not similar. They have different titles, states, comments, created_at dates, closed_at dates, issue creators, labels, issue assignees, milestones, and bodies.",1.0,"
There is one issue that is similar to 18487. The issue number is 18487, the title is '[win_x86] SE80_GIT cmdLineTest_J9test_elapsedTime_0 FAILED: testElapsedTime() sleep 100ms elapsedNanoTimeInMillis (98ms) should NOT be less than minElapsedNanoTimeInMillis (100ms) & FAILED: testElapsedTime() timer delayed 2s elapsedNanoTimeInMillis (1993ms) should NOT be less than...', the state is 'open', there are 5 comments, the issue was created on 2023-11-20, it is not closed yet, the issue creator is JasonFengJ9, the labels are 'test failure, test excluded', the issue assignees are 'JasonFengJ9', there is no milestone, and the body is 'Failure link\r\n------------\r\n\r\nFrom [an internal build](http://vmfarm.rtp.raleigh.ibm.com/job_output.php?id=72226491)(`win10x64rtp-3-1`):\r\n```\r\njava version ""1.8.0_391""\r\nJava(TM) SE Runtime Environment (build 8.0.9",0,"Yes, issue 18487 can be found in existing issue reports.",0.0,,0.0,"
There is one issue similar to 18487. The issue number is 18487, the title is '[win_x86] SE80_GIT cmdLineTest_J9test_elapsedTime_0 FAILED: testElapsedTime() sleep 100ms elapsedNanoTimeInMillis (98ms) should NOT be less than minElapsedNanoTimeInMillis (100ms) & FAILED: testElapsedTime() timer delayed 2s elapsedNanoTimeInMillis (1993ms) should NOT be less than...', the state is 'open', there are 5 comments, the issue was created on 2023-11-20, it is not closed yet, the issue creator is JasonFengJ9, the labels are 'test failure, test excluded', the issue assignees are 'JasonFengJ9', there is no milestone, and the body is 'Failure link\r\n------------\r\n\r\nFrom [an internal build](http://vmfarm.rtp.raleigh.ibm.com/job_output.php?id=72226491)(`win10x64rtp-3-1`):\r\n```\r\njava version ""1.8.0_391""\r\nJava(TM) SE Runtime Environment (build 8.0.9.0",0,"
Yes, there are similarities between issue 18487 and issue 18102. Both issues have a failure link and a similar body describing the issue. The failure link can be found in existing issue reports and the similar body can be found in existing issue reports. Both issues have the same issue creator, JasonFengJ9, and both have a test failure as the exception and failure stack trace. However, there are no parallels between issue 18487 and issue 18102.",0.0,"The issue with number 18487 has the title '[win_x86] SE80_GIT cmdLineTest_J9test_elapsedTime_0 FAILED: testElapsedTime() sleep 100ms elapsedNanoTimeInMillis (98ms) should NOT be less than minElapsedNanoTimeInMillis (100ms) & FAILED: testElapsedTime() timer delayed 2s elapsedNanoTimeInMillis (1993ms) should NOT be less than...'. The exception associated with this issue is 'Exception in thread ""main"" java.lang.AssertionError:\nat org.testng.AssertJUnit.fail(AssertJUnit.java:59)\nat ElapsedTime.main(ElapsedTime.java:32)'. The body of the issue contains a failure link and the labels associated with this issue are 'test failure' and 'test excluded'.",0.0,"17005, 17019, 17063",0,"There is one issue similar to issue 18487, which is issue number 17063 titled ""OpenJDK java/lang/String/ToLowerCase ArrayIndexOutOfBoundsException"". It is currently open with 1 comment and was created on 2023-03-29 by issue creator pshipton.",0.0,"No, issues 18487 and 18102 are not similar. They have different descriptions, assigned developers, and resolutions proposed.",1.0,"There is one issue similar to 18487, which is issue number 17019 titled 'OpenJ9 can't find natives when launching Reposilite', with a state of 'closed' and created on '2023-03-24'.",0,There is an open issue with number 18487 titled '[win_x86] SE80_GIT cmdLineTest_J9test_elapsedTime_0 FAILED: testElapsedTime() sleep 100ms elapsedNanoTimeInMillis (98ms) should NOT be less than minElapsedNanoTimeInMillis (100ms) & FAILED: testElapsedTime() timer delayed 2s elapsedNanoTimeInMillis (1993ms) should NOT be less than...'. It has 5 comments and was created on 2023-11-20.,0
Find duplicate reports of the 18694?,18698,Has there been a report of a crash on vm component?,Yes,,,"No, there has not been a report of a crash on vm component.",0.0,,,Final answer: There is only one report of the 18694.,0,"Yes, there has been 1 report of a crash on the vm component.",1.0,,,Final answer: There is only one report of the 18694.,0,There are no crash reports related to the VM component.,0.0,,,"17005, 17019, 17063",0,"No, there have been no reports of a crash on the vm component.",0.0,Final answer: There is only one report of the 18694.,0,"Yes, it is true that there has not been a report of a crash on the vm component.",1.0,,,Final answer: There is only one report of the 18694.,0,"Yes, there are crash reports associated with the VM component.",1.0,,,"17005, 17019",0,,,"Yes, there is a record of a crash occurring on the vm component.",1.0,There are no duplicate reports of the issue with number 18694.,0,,
Find all issues related to segmentation error ,17458,,,,,,,,,There are no issues related to segmentation error in the given table.,0,,,,,"[('Unhandled exception Type=Segmentation error  *** Invalid JIT return address', 'Java -version output\r\n--------------------\r\n\r\n> jdk8u362-b09_openj9/bin/java -version\r\nopenjdk version ""1.8.0_362""\r\nIBM Semeru Runtime Open Edition (build 1.8.0_362-b09)\r\nEclipse OpenJ9 VM (build openj9-0.36.0, JRE 1.8.0 Linux amd64-64-Bit Compressed References 20230206_588 (JIT enabled, AOT...')]",0,,,,,17458,1,,,"Yes, the problems associated with segmentation error are:
1. Unhandled exception Type=Segmentation error  *** Invalid JIT return address",0,,,,,There is currently 1 issue related to segmentation error.,0,,,,,17458,1,,,,,Issue number 17458 titled 'Unhandled exception Type=Segmentation error  *** Invalid JIT return address' is the only known issue related to segmentation error in the database.,0,,
How many duplicate reports have been found for issue 18669?,2,,,,,,,,,1,0,,,,,1,0,,,,,1,0,,,1,0,,,,,"No, there are other issues with duplicate reports.",0,,,,,"No, there are no duplicate reports related to issue 18669.",0,,,,,"No, there have been 0 duplicate reports found for issue 18669.",0,,
